{"M2L1R1": [-0.007374, 0.060591, 0, -0.026709, 0, 0, 0.522601, 0.396001, 0], "M2L1R2": [0.005042, 0.09733, 0, 0, 0, 0, 0.351842, 0.483719, 0, 0], "M2L2R1": [-0.013752, 0.094042, 0, 0.066455, 0, 0, 0.396587, 0.339422, 0, 0], "M2L2R2": [0.0001884, 0.0023848, 0, 0, 0, 0, 0.9945842, 0, 0, 0], "M3L1R1": [-0.08646, 0.054288, 0, 0.030968, 0.02731, 0, 0.126009, 0.707843, 0, 0], "M3L1R2": [-0.107679, 0.10901, 0, 0, 0.026463, 0, 0.093232, 0.349491, 0, 0], "M3L2R1": [-0.1413163, 0.0969846, 0, 0.0320868, 0.0310493, 0, 0.0685862, 0.5154405, 0, 0], "M3L2R2": [-0.082866, 0, -0.036803, 0, 0.023508, 0, 0.143367, 0.515184, 0, 0], "M4L1R1": [-0.0465531, 0.0314405, 0, 0.0182866, 0.0121854, 0, 0.1657885, 0.9094359, 0, 0], "M4L1R2": [0.079292, 0, 0.011606, 0, -0.021206, 0, 0.142573, 0.991723, 0, 0], "M4L2R1": [-0.0406959, 0.0738663, 0.0236867, 0, -0.0033326, 0, 0.3426427, 0.4359184, 0, 0], "M4L2R2": [-0.0826221, 0.0600114, 0, 0, 0.0147991, 0, 0.313557, 0.4269741, 0, 0], "M5L1R1": [-0.0664501, 0.0306028, 0, 0.013608, 0.0152885, 0, 0.0698293, 1.0206018, 0, 0], "M5L1R2": [-0.0618286, 0.041835, 0, 0.0275799, 0.0130338, 0, 0.2265752, 0.5336125, 0, 0], "M5L2R1": [-0.077378, 0.069512, 0.024969, 0, 0, 0, 0.165387, 0.627043, 0, 0], "M5L2R2": [-0.0741893, 0.0481499, 0, 0.0318982, 0.0121876, 0, 0.2083301, 0.4694611, 0, 0], "M6L1R1": [-0.0580026, 0.0253937, 0, 0.0093758, 0.0120164, 0, 0.1848097, 1.0021779, 0, 0], "M6L1R2": [0.0021137, 0.0127886, 0, 0.0113294, 0, 0, 0.2336422, 0.9701364, 0, 0], "M6L2R1": [-0.0730804, 0.0576532, 0.0196629, 0, 0, 0, 0.2516511, 0.6162666, 0, 0], "M6L2R2": [-0.071564, 0.0390595, 0, 0.0171565, 0.01059, 0, 0.1944023, 0.674865, 0, 0], "M7L1R1": [-0.0689244, 0.0279874, 0, 0.0082963, 0.0120878, 0, 0.0935678, 1.0741837, 0, 0], "M7L1R2": [-0.0714685, 0.0309924, 0, 0.0135298, 0.0120901, 0, 0.1900044, 0.6945743, 0, 0], "M7L2R1": [-0.0645425, 0.0282726, 0, 0.0099675, 0.0089518, 0, 0.1119453, 1.040801, 0, 0], "M7L2R2": [-0.0386025, 0.0239122, 0, 0.0128744, 0.0048449, 0, 0.2066209, 0.767658, 0, 0], "M8L1R1": [-0.0642097, 0.0284426, 0, 0.0069809, 0.0093676, 0, 0.1534286, 1.0588703, 0, 0], "M8L1R2": [-0.0470225, 0.0227642, 0, 0.0089477, 0.0067853, 0, 0, 1.1268459, 0, 0], "M8L2R1": [-0.0913223, 0.0512452, 0.0150129, 0, 0.001969, 0, 0.2523957, 0.6363534, 0, 0], "M8L2R2": [-0.0419267, 0.0216403, 0, 0.0099422, 0.0049647, 0, 0, 1.0777493, 0, 0], "M9L1R1": [-0.0975364, 0.0456797, 0.0118211, 0, 0.0037413, 0, 0.3009533, 0.689932, 0, 0], "M9L1R2": [-0.0870225, 0.0348703, 0, 0.0092204, 0.0111391, 0, 0.1632723, 0.7494991, 0, 0], "M9L2R1": [-0.0742282, 0.0306359, 0, 0.0072058, 0.0083486, 0, 0.1564997, 0.9925935, 0, 0], "M9L2R2": [-0.0662513, 0.028833, 0, 0.0088727, 0.0073449, 0, 0.2454094, 0.7273467, 0, 0], "M10L1R1": [-0.1057637, 0.0470659, 0.0104946, 0, 0.0042628, 0, 0.2857062, 0.6797383, 0, 0], "M10L1R2": [-0.0553753, 0.0258624, 0, 0.0059128, 0.006176, 0, 0.2196767, 0.9326363, 0, 0], "M10L2R1": [-0.1040264, 0.04912, 0.011302, 0, 0.0031213, 0, 0.2983764, 0.6013893, 0, 0], "M10L2R2": [-0.0590471, 0.0270522, 0, 0.0071215, 0.0056903, 0, 0.1794905, 0.9189751, 0, 0], "M15L1R1": [0.02242, 0.041993, 0.00894, 0, 0.002021, 0, 0.275535, 0.8044, 0, -0.00998], "M15L1R2": [0.0198581, 0.0371948, 0.0078282, 0, 0.0027909, 0, 0.3136461, 0.6693458, 0, -0.0087924], "M15L2R1": [0.0230338, 0.0453895, 0.0088196, 0, 0.0027099, 0, 0.2579766, 0.7197187, 0, -0.0105326], "M15L2R2": [0.0016306, 0.0269711, 0, 0.0048645, 0.0054585, 0, 0.2124231, 0.9123601, 0, -0.0055085], "M20L1R1": [0.0186641, 0.0369616, 0.0070264, 0, 0, 0, 0.3657573, 0.7868575, 0, -0.006767], "M20L1R2": [0.0207562, 0.0361804, 0.0064884, 0, 0.0008964, 0, 0.338817, 0.7084909, 0, -0.0067529], "M20L2R1": [0.02244, 0.0416533, 0.006829, 0, 0.0012369, 0, 0.3006056, 0.7312417, 0, -0.0077835], "M20L2R2": [0.0193585, 0.0403524, 0.0065377, 0, 0.001509, 0, 0.3129926, 0.6372648, 0, -0.0072769], "M25L1R1": [-0.0039753, 0.0375508, 0, 0.0023194, 0.0032536, 0, 0.1419689, 1.4364247, 0, -0.0043374], "M25L1R2": [0.0196993, 0.0356947, 0.0049221, 0, 0.0011368, 0, 0.3240565, 0.8145835, 0, -0.0058553], "M25L2R1": [0.0179243, 0.0447888, 0.0055158, 0, 0.001514, 0, 0.2623042, 0.7930759, 0, -0.0070164], "M25L2R2": [0.0157685, 0.0376562, 0.0049185, 0, 0.0014275, 0, 0.3077583, 0.7311946, 0, -0.0058609], "M30L1R1": [-0.0833908, 0.0246676, 0.0035173, 0, 0, 0, 0.4040299, 1.1716043, 0, 0], "M30L1R2": [-0.0772442, 0.0226637, 0.0034477, 0, 0, 0, 0.3921871, 1.1098462, 0, 0], "M30L2R1": [-0.004402, 0.0422151, 0, 0.0019775, 0.0032122, 0, 0.089104, 1.4113672, 0, -0.0042759], "M30L2R2": [-0.001849, 0.03578, 0, 0.001996, 0.002794, 0, 0.1466, 1.32, 0, -0.003712]}